year,avg_snow_water_e,min_vol,estimated_eq,prediction
2020,11.25,287807,current,5.514366666666664
2020,11.055103800400758,287807,pred_avg_sn_eq,5.8704666666666645
2020,9.29884456386905,287807,pred_lower,2.7222333333333326
2020,12.811363036932464,287807,pred_upper,6.290033333333331
